timestamp,scenario,cpu,memory,allocated_memory_mb,latency_ms,error_rate,dependency_available,selected_decision,ce,ch,cc,cr,confidence,confidence_margin,correct,decision_latency_ms,recovery_success,mttr_ms,verification_attempts,pre_availability,post_availability,availability_gain,explanation
2026-07-16T21:08:29.539192+00:00,Service Dependency Failure,0.0,2.1032,0.0,0.7802,83.3333,0.0,Restart Dependency,0.9,1.0,0.94,0.9,0.934121,0.015364,1,0.047501,1,10.1075,1,0.0,1.0,1.0,"Restart Dependency was selected with confidence 0.934. Dependency availability was 0.00, error rate was 83.33%, and latency was 0.78 ms. The confidence margin over Circuit Breaker was 0.015."
2026-07-16T21:09:08.321273+00:00,Service Dependency Failure,0.0,2.1042,0.0,1.1772,62.0,0.0,Restart Dependency,0.9,1.0,0.94,0.9,0.934121,0.015364,1,0.063619,1,20.2163,1,0.0,1.0,1.0,"Restart Dependency was selected with confidence 0.934. Dependency availability was 0.00, error rate was 62.00%, and latency was 1.18 ms. The confidence margin over Circuit Breaker was 0.015."
2026-07-16T21:15:32.898229+00:00,Service Dependency Failure,0.0,2.1002,0.0,0.8248,62.0,0.0,Restart Dependency,0.9,1.0,0.94,0.9,0.934121,0.015364,1,0.049347,1,11.3943,1,0.0,1.0,1.0,"Restart Dependency was selected with confidence 0.934. Dependency availability was 0.00, error rate was 62.00%, and latency was 0.82 ms. The confidence margin over Circuit Breaker was 0.015."
2026-07-16T21:26:38.129617+00:00,Application Latency,0.0,2.1006,0.0,604.6916,0.0,1.0,Rollback,0.420371,0.388395,0.94,0.91,0.61132,0.168889,1,0.044531,1,17.8448,1,1.0,1.0,0.0,"Rollback was selected with confidence 0.611. Observed latency reached 604.69 ms, while CPU usage was 0.00% and dependency availability was 1.00. The confidence margin over Restart Service was 0.169."
2026-07-16T21:29:04.578247+00:00,Application Latency,1.0,2.1014,0.0,604.6998,0.0,1.0,Rollback,0.420375,0.3884,0.94,0.91,0.611324,0.168889,1,0.054673,1,10.6213,1,1.0,1.0,0.0,"Rollback was selected with confidence 0.611. Observed latency reached 604.70 ms, while CPU usage was 1.00% and dependency availability was 1.00. The confidence margin over Restart Service was 0.169."
2026-07-16T21:38:30.205816+00:00,Application Error Injection,0.0,2.1048,0.0,2.5946,29.0,1.0,Rollback,0.69375,0.68,0.95,0.92,0.80132,0.170187,1,0.047933,1,10.341,1,0.6375,1.0,0.3625,"Rollback was selected with confidence 0.801. The observed error rate was 29.00% with latency of 2.59 ms. CPU usage was 0.00%, and dependency availability was 1.00. The confidence margin over Restart Service was 0.170."
2026-07-16T21:41:28.900432+00:00,Application Error Injection,0.0,2.0907,0.0,2.67,26.0,1.0,Rollback,0.6375,0.62,0.95,0.92,0.766648,0.169051,1,0.039149,1,10.7761,1,0.675,1.0,0.325,"Rollback was selected with confidence 0.767. The observed error rate was 26.00% with latency of 2.67 ms. CPU usage was 0.00%, and dependency availability was 1.00. The confidence margin over Restart Service was 0.169."
2026-07-16T21:41:57.278250+00:00,Application Error Injection,0.0,2.0907,0.0,2.7753,30.0,1.0,Rollback,0.7125,0.7,0.95,0.92,0.812547,0.170626,1,0.036961,1,9.6997,1,0.625,1.0,0.375,"Rollback was selected with confidence 0.813. The observed error rate was 30.00% with latency of 2.78 ms. CPU usage was 0.00%, and dependency availability was 1.00. The confidence margin over Restart Service was 0.171."
2026-07-16T21:42:29.726089+00:00,Memory Pressure,0.0,17.3413,300.0,3.1852,0.0,1.0,Restart Service,0.873413,0.88006,0.92,0.93,0.900535,0.154393,1,0.030947,1,47.3366,1,1.0,1.0,0.0,Restart Service was selected with confidence 0.901. Injected memory was 300.00 MB and process memory usage was 17.34%.
2026-07-16T21:49:32.914484+00:00,CPU Resource Exhaustion,92.4,2.0919,0.0,17.0272,0.0,1.0,Scale Out,0.636,0.5936,0.95,0.89,0.751651,0.151688,1,0.036836,1,54.008,1,1.0,1.0,0.0,Scale Out was selected with confidence 0.752. CPU usage was 92.40% and latency was 17.03 ms. The confidence margin over Restart Service was 0.152.
2026-07-16T21:49:53.181849+00:00,Memory Pressure,0.0,17.3351,300.0,10.0552,0.0,1.0,Restart Service,0.873351,0.880013,0.92,0.93,0.900507,0.154415,1,0.045669,1,31.9759,1,1.0,1.0,0.0,Restart Service was selected with confidence 0.901. Injected memory was 300.00 MB and process memory usage was 17.34%.
2026-07-16T21:50:16.240661+00:00,Service Dependency Failure,0.0,2.0957,0.0,7.2529,60.0,0.0,Restart Dependency,0.9,1.0,0.94,0.9,0.934121,0.015364,1,0.040198,1,16.5784,1,0.0,1.0,1.0,"Restart Dependency was selected with confidence 0.934. Dependency availability was 0.00, error rate was 60.00%, and latency was 7.25 ms. The confidence margin over Circuit Breaker was 0.015."
2026-07-16T21:50:43.786729+00:00,Application Latency,0.0,2.0961,0.0,79.2763,50.0,1.0,Rollback,0.25,0.2,0.94,0.91,0.454763,0.037754,1,0.038636,1,10.9993,1,1.0,1.0,0.0,"Rollback was selected with confidence 0.455. Observed latency reached 79.28 ms, while CPU usage was 0.00% and dependency availability was 1.00. The confidence margin over Restart Service was 0.038."
2026-07-16T21:51:06.858627+00:00,Application Error Injection,0.0,2.0961,0.0,77.9856,28.0,1.0,Rollback,0.675,0.66,0.95,0.92,0.789932,0.169777,1,0.056912,1,16.2956,1,0.65,1.0,0.35,"Rollback was selected with confidence 0.790. The observed error rate was 28.00% with latency of 77.99 ms. CPU usage was 0.00%, and dependency availability was 1.00. The confidence margin over Restart Service was 0.170."
2026-07-16T21:51:54.119833+00:00,CPU Resource Exhaustion,90.5,2.0966,0.0,9.9122,0.0,1.0,Scale Out,0.6075,0.567,0.95,0.89,0.734617,0.14825,1,0.041009,1,46.357,1,1.0,1.0,0.0,Scale Out was selected with confidence 0.735. CPU usage was 90.50% and latency was 9.91 ms. The confidence margin over Restart Service was 0.148.
2026-07-16T21:52:14.393775+00:00,Memory Pressure,0.0,17.3399,300.0,10.4203,0.0,1.0,Restart Service,0.873399,0.880049,0.92,0.93,0.900529,0.154398,1,0.034889,1,31.0772,1,1.0,1.0,0.0,Restart Service was selected with confidence 0.901. Injected memory was 300.00 MB and process memory usage was 17.34%.
2026-07-16T21:52:37.442994+00:00,Service Dependency Failure,0.0,2.6091,0.0,7.5305,60.0,0.0,Restart Dependency,0.9,1.0,0.94,0.9,0.934121,0.015364,1,0.040617,1,10.2338,1,0.0,1.0,1.0,"Restart Dependency was selected with confidence 0.934. Dependency availability was 0.00, error rate was 60.00%, and latency was 7.53 ms. The confidence margin over Circuit Breaker was 0.015."
2026-07-16T21:53:04.983820+00:00,Application Latency,0.0,2.6095,0.0,82.6003,50.0,1.0,Rollback,0.25,0.2,0.94,0.91,0.454763,0.037754,1,0.037286,1,11.6554,1,1.0,1.0,0.0,"Rollback was selected with confidence 0.455. Observed latency reached 82.60 ms, while CPU usage was 0.00% and dependency availability was 1.00. The confidence margin over Restart Service was 0.038."
2026-07-16T21:53:28.038441+00:00,Application Error Injection,0.0,2.6101,0.0,75.4817,34.0,1.0,Rollback,0.7875,0.78,0.95,0.92,0.855981,0.172603,1,0.173632,1,10.2625,1,0.575,1.0,0.425,"Rollback was selected with confidence 0.856. The observed error rate was 34.00% with latency of 75.48 ms. CPU usage was 0.00%, and dependency availability was 1.00. The confidence margin over Restart Service was 0.173."
2026-07-16T21:53:50.143435+00:00,CPU Resource Exhaustion,90.5,2.6105,0.0,55.2061,0.0,1.0,Scale Out,0.6075,0.567,0.95,0.89,0.734617,0.14825,1,0.028674,1,56.6407,1,1.0,1.0,0.0,Scale Out was selected with confidence 0.735. CPU usage was 90.50% and latency was 55.21 ms. The confidence margin over Restart Service was 0.148.
2026-07-16T21:54:10.380506+00:00,Memory Pressure,0.0,17.8492,300.0,7.3213,0.0,1.0,Restart Service,0.878492,0.883869,0.92,0.93,0.902816,0.152531,1,0.041041,1,26.8387,1,1.0,1.0,0.0,Restart Service was selected with confidence 0.903. Injected memory was 300.00 MB and process memory usage was 17.85%.
2026-07-16T21:54:33.430971+00:00,Service Dependency Failure,0.0,2.6111,0.0,7.3131,60.0,0.0,Restart Dependency,0.9,1.0,0.94,0.9,0.934121,0.015364,1,0.060865,1,10.6121,1,0.0,1.0,1.0,"Restart Dependency was selected with confidence 0.934. Dependency availability was 0.00, error rate was 60.00%, and latency was 7.31 ms. The confidence margin over Circuit Breaker was 0.015."
2026-07-16T21:55:00.966002+00:00,Application Latency,0.0,2.6113,0.0,82.8346,50.0,1.0,Rollback,0.25,0.2,0.94,0.91,0.454763,0.037754,1,0.033198,1,10.1305,1,1.0,1.0,0.0,"Rollback was selected with confidence 0.455. Observed latency reached 82.83 ms, while CPU usage was 0.00% and dependency availability was 1.00. The confidence margin over Restart Service was 0.038."
2026-07-16T21:55:24.038576+00:00,Application Error Injection,0.0,2.6115,0.0,75.7955,28.0,1.0,Rollback,0.675,0.66,0.95,0.92,0.789932,0.169777,1,0.035386,1,29.7499,1,0.65,1.0,0.35,"Rollback was selected with confidence 0.790. The observed error rate was 28.00% with latency of 75.80 ms. CPU usage was 0.00%, and dependency availability was 1.00. The confidence margin over Restart Service was 0.170."
2026-07-16T21:55:36.560778+00:00,Memory Pressure,89.5,3.1191,0.0,55.5492,0.0,1.0,Do Nothing,0.844046,1.0,0.35,0.4,0.586305,0.391257,0,0.032664,1,33.7281,1,1.0,1.0,0.0,Do Nothing was selected with confidence 0.586. Injected memory was 0.00 MB and process memory usage was 3.12%.
2026-07-16T21:55:46.139853+00:00,CPU Resource Exhaustion,94.4,3.1209,0.0,42.6089,0.0,1.0,Scale Out,0.666,0.6216,0.95,0.89,0.769174,0.155224,1,0.041818,1,60.4414,1,1.0,1.0,0.0,Scale Out was selected with confidence 0.769. CPU usage was 94.40% and latency was 42.61 ms. The confidence margin over Restart Service was 0.155.
2026-07-16T21:56:06.382734+00:00,Memory Pressure,0.0,17.8514,300.0,8.3702,0.0,1.0,Restart Service,0.878514,0.883885,0.92,0.93,0.902826,0.152523,1,0.030174,1,28.8326,1,1.0,1.0,0.0,Restart Service was selected with confidence 0.903. Injected memory was 300.00 MB and process memory usage was 17.85%.
2026-07-16T21:56:29.421557+00:00,Service Dependency Failure,0.0,2.6135,0.0,9.0344,60.0,0.0,Restart Dependency,0.9,1.0,0.94,0.9,0.934121,0.015364,1,0.042846,1,10.0898,1,0.0,1.0,1.0,"Restart Dependency was selected with confidence 0.934. Dependency availability was 0.00, error rate was 60.00%, and latency was 9.03 ms. The confidence margin over Circuit Breaker was 0.015."
2026-07-16T21:56:56.964042+00:00,Application Latency,0.0,2.6135,0.0,82.3876,50.0,1.0,Rollback,0.25,0.2,0.94,0.91,0.454763,0.037754,1,0.033284,1,9.2033,1,1.0,1.0,0.0,"Rollback was selected with confidence 0.455. Observed latency reached 82.39 ms, while CPU usage was 0.00% and dependency availability was 1.00. The confidence margin over Restart Service was 0.038."
2026-07-16T21:57:20.011780+00:00,Application Error Injection,0.0,2.6135,0.0,75.4169,29.0,1.0,Rollback,0.69375,0.68,0.95,0.92,0.80132,0.170187,1,0.033859,1,14.8595,1,0.6375,1.0,0.3625,"Rollback was selected with confidence 0.801. The observed error rate was 29.00% with latency of 75.42 ms. CPU usage was 0.00%, and dependency availability was 1.00. The confidence margin over Restart Service was 0.170."
2026-07-16T21:57:42.096281+00:00,CPU Resource Exhaustion,91.7,2.6135,0.0,55.1904,0.0,1.0,Scale Out,0.6255,0.5838,0.95,0.89,0.74542,0.15043,1,0.255888,1,42.7203,1,1.0,1.0,0.0,Scale Out was selected with confidence 0.745. CPU usage was 91.70% and latency was 55.19 ms. The confidence margin over Restart Service was 0.150.
2026-07-16T21:58:02.391356+00:00,Memory Pressure,0.0,17.8514,300.0,7.0908,0.0,1.0,Restart Service,0.878514,0.883885,0.92,0.93,0.902826,0.152523,1,0.033084,1,25.3881,1,1.0,1.0,0.0,Restart Service was selected with confidence 0.903. Injected memory was 300.00 MB and process memory usage was 17.85%.
2026-07-16T21:58:25.427592+00:00,Service Dependency Failure,0.0,2.6133,0.0,7.0,60.0,0.0,Restart Dependency,0.9,1.0,0.94,0.9,0.934121,0.015364,1,0.147167,1,9.173,1,0.0,1.0,1.0,"Restart Dependency was selected with confidence 0.934. Dependency availability was 0.00, error rate was 60.00%, and latency was 7.00 ms. The confidence margin over Circuit Breaker was 0.015."
2026-07-16T21:58:52.967478+00:00,Application Latency,0.0,2.6135,0.0,82.405,50.0,1.0,Rollback,0.25,0.2,0.94,0.91,0.454763,0.037754,1,0.033888,1,10.5887,1,1.0,1.0,0.0,"Rollback was selected with confidence 0.455. Observed latency reached 82.41 ms, while CPU usage was 0.00% and dependency availability was 1.00. The confidence margin over Restart Service was 0.038."
2026-07-16T21:59:16.004231+00:00,Application Error Injection,0.0,2.6135,0.0,75.2809,31.0,1.0,Rollback,0.73125,0.72,0.95,0.92,0.823621,0.171088,1,0.047432,1,9.3376,1,0.6125,1.0,0.3875,"Rollback was selected with confidence 0.824. The observed error rate was 31.00% with latency of 75.28 ms. CPU usage was 0.00%, and dependency availability was 1.00. The confidence margin over Restart Service was 0.171."
2026-07-16T21:59:38.107780+00:00,CPU Resource Exhaustion,92.5,2.6135,0.0,55.0917,0.0,1.0,Scale Out,0.6375,0.595,0.95,0.89,0.752537,0.151866,1,0.029069,1,50.8518,1,1.0,1.0,0.0,Scale Out was selected with confidence 0.753. CPU usage was 92.50% and latency was 55.09 ms. The confidence margin over Restart Service was 0.152.
2026-07-16T21:59:58.338290+00:00,Memory Pressure,0.0,17.8514,300.0,7.0673,0.0,1.0,Restart Service,0.878514,0.883885,0.92,0.93,0.902826,0.152523,1,0.029126,1,24.2233,1,1.0,1.0,0.0,Restart Service was selected with confidence 0.903. Injected memory was 300.00 MB and process memory usage was 17.85%.
2026-07-16T22:00:21.400574+00:00,Service Dependency Failure,0.0,2.6133,0.0,7.2003,60.0,0.0,Restart Dependency,0.9,1.0,0.94,0.9,0.934121,0.015364,1,0.04152,1,13.7105,1,0.0,1.0,1.0,"Restart Dependency was selected with confidence 0.934. Dependency availability was 0.00, error rate was 60.00%, and latency was 7.20 ms. The confidence margin over Circuit Breaker was 0.015."
2026-07-16T22:00:48.963117+00:00,Application Latency,1.0,2.6133,0.0,82.9162,50.0,1.0,Rollback,0.25,0.2,0.94,0.91,0.454763,0.037754,1,0.035427,1,13.2331,1,1.0,1.0,0.0,"Rollback was selected with confidence 0.455. Observed latency reached 82.92 ms, while CPU usage was 1.00% and dependency availability was 1.00. The confidence margin over Restart Service was 0.038."
2026-07-16T22:01:12.012957+00:00,Application Error Injection,0.0,2.6133,0.0,75.6403,29.0,1.0,Rollback,0.69375,0.68,0.95,0.92,0.80132,0.170187,1,0.034322,1,19.0749,1,0.6375,1.0,0.3625,"Rollback was selected with confidence 0.801. The observed error rate was 29.00% with latency of 75.64 ms. CPU usage was 0.00%, and dependency availability was 1.00. The confidence margin over Restart Service was 0.170."
2026-07-16T22:01:34.103569+00:00,CPU Resource Exhaustion,93.4,2.6133,0.0,55.8724,0.0,1.0,Scale Out,0.651,0.6076,0.95,0.89,0.760463,0.153466,1,0.029072,1,46.9067,1,1.0,1.0,0.0,Scale Out was selected with confidence 0.760. CPU usage was 93.40% and latency was 55.87 ms. The confidence margin over Restart Service was 0.153.
2026-07-16T22:01:54.373004+00:00,Memory Pressure,0.0,17.3444,300.0,7.7717,0.0,1.0,Restart Service,0.873444,0.880083,0.92,0.93,0.900549,0.154381,1,0.040976,1,37.8336,1,1.0,1.0,0.0,Restart Service was selected with confidence 0.901. Injected memory was 300.00 MB and process memory usage was 17.34%.
2026-07-16T22:02:17.416412+00:00,Service Dependency Failure,0.0,2.6133,0.0,7.7296,60.0,0.0,Restart Dependency,0.9,1.0,0.94,0.9,0.934121,0.015364,1,0.047088,1,10.3152,1,0.0,1.0,1.0,"Restart Dependency was selected with confidence 0.934. Dependency availability was 0.00, error rate was 60.00%, and latency was 7.73 ms. The confidence margin over Circuit Breaker was 0.015."
2026-07-16T22:02:44.974369+00:00,Application Latency,0.0,2.6133,0.0,82.6689,50.0,1.0,Rollback,0.25,0.2,0.94,0.91,0.454763,0.037754,1,0.047028,1,10.3603,1,1.0,1.0,0.0,"Rollback was selected with confidence 0.455. Observed latency reached 82.67 ms, while CPU usage was 0.00% and dependency availability was 1.00. The confidence margin over Restart Service was 0.038."
2026-07-16T22:03:08.022623+00:00,Application Error Injection,0.0,2.6133,0.0,75.4932,30.0,1.0,Rollback,0.7125,0.7,0.95,0.92,0.812547,0.170626,1,0.074228,1,13.1176,1,0.625,1.0,0.375,"Rollback was selected with confidence 0.813. The observed error rate was 30.00% with latency of 75.49 ms. CPU usage was 0.00%, and dependency availability was 1.00. The confidence margin over Restart Service was 0.171."
2026-07-16T22:03:30.128792+00:00,CPU Resource Exhaustion,94.5,2.6133,0.0,55.2879,0.0,1.0,Scale Out,0.6675,0.623,0.95,0.89,0.77004,0.155399,1,0.034713,1,62.4947,1,1.0,1.0,0.0,Scale Out was selected with confidence 0.770. CPU usage was 94.50% and latency was 55.29 ms. The confidence margin over Restart Service was 0.155.
2026-07-16T22:03:50.390391+00:00,Memory Pressure,0.0,17.8514,300.0,7.2821,0.0,1.0,Restart Service,0.878514,0.883885,0.92,0.93,0.902826,0.152523,1,0.037277,1,27.2724,1,1.0,1.0,0.0,Restart Service was selected with confidence 0.903. Injected memory was 300.00 MB and process memory usage was 17.85%.
2026-07-16T22:04:13.434061+00:00,Service Dependency Failure,0.0,2.6135,0.0,7.21,60.0,0.0,Restart Dependency,0.9,1.0,0.94,0.9,0.934121,0.015364,1,0.046533,1,12.0381,1,0.0,1.0,1.0,"Restart Dependency was selected with confidence 0.934. Dependency availability was 0.00, error rate was 60.00%, and latency was 7.21 ms. The confidence margin over Circuit Breaker was 0.015."
2026-07-16T22:04:41.000039+00:00,Application Latency,0.0,2.6135,0.0,82.7235,50.0,1.0,Rollback,0.25,0.2,0.94,0.91,0.454763,0.037754,1,0.039006,1,13.7609,1,1.0,1.0,0.0,"Rollback was selected with confidence 0.455. Observed latency reached 82.72 ms, while CPU usage was 0.00% and dependency availability was 1.00. The confidence margin over Restart Service was 0.038."
2026-07-16T22:05:04.051601+00:00,Application Error Injection,0.0,2.6135,0.0,75.6081,32.0,1.0,Rollback,0.75,0.74,0.95,0.92,0.834548,0.171574,1,0.060064,1,12.3863,1,0.6,1.0,0.4,"Rollback was selected with confidence 0.835. The observed error rate was 32.00% with latency of 75.61 ms. CPU usage was 0.00%, and dependency availability was 1.00. The confidence margin over Restart Service was 0.172."
2026-07-16T22:05:26.199730+00:00,CPU Resource Exhaustion,92.4,2.6135,0.0,56.6385,0.0,1.0,Scale Out,0.636,0.5936,0.95,0.89,0.751651,0.151688,1,0.040303,1,70.6167,1,1.0,1.0,0.0,Scale Out was selected with confidence 0.752. CPU usage was 92.40% and latency was 56.64 ms. The confidence margin over Restart Service was 0.152.
2026-07-16T22:05:46.493908+00:00,Memory Pressure,0.0,17.3446,300.0,8.5063,0.0,1.0,Restart Service,0.873446,0.880085,0.92,0.93,0.90055,0.15438,1,0.031089,1,49.3231,1,1.0,1.0,0.0,Restart Service was selected with confidence 0.901. Injected memory was 300.00 MB and process memory usage was 17.34%.
2026-07-16T22:06:09.549600+00:00,Service Dependency Failure,0.0,2.6135,0.0,8.4872,60.0,0.0,Restart Dependency,0.9,1.0,0.94,0.9,0.934121,0.015364,1,0.043311,1,13.2164,1,0.0,1.0,1.0,"Restart Dependency was selected with confidence 0.934. Dependency availability was 0.00, error rate was 60.00%, and latency was 8.49 ms. The confidence margin over Circuit Breaker was 0.015."
2026-07-16T22:06:37.121685+00:00,Application Latency,0.0,2.6135,0.0,83.0041,50.0,1.0,Rollback,0.25,0.2,0.94,0.91,0.454763,0.037754,1,0.040681,1,11.6338,1,1.0,1.0,0.0,"Rollback was selected with confidence 0.455. Observed latency reached 83.00 ms, while CPU usage was 0.00% and dependency availability was 1.00. The confidence margin over Restart Service was 0.038."
2026-07-16T22:07:00.163712+00:00,Application Error Injection,0.0,2.6135,0.0,75.7619,30.0,1.0,Rollback,0.7125,0.7,0.95,0.92,0.812547,0.170626,1,0.060425,1,9.3987,1,0.625,1.0,0.375,"Rollback was selected with confidence 0.813. The observed error rate was 30.00% with latency of 75.76 ms. CPU usage was 0.00%, and dependency availability was 1.00. The confidence margin over Restart Service was 0.171."
2026-07-16T22:07:22.265473+00:00,CPU Resource Exhaustion,94.8,2.6135,0.0,55.3827,0.0,1.0,Scale Out,0.672,0.6272,0.95,0.89,0.772631,0.155922,1,0.030305,1,53.0117,1,1.0,1.0,0.0,Scale Out was selected with confidence 0.773. CPU usage was 94.80% and latency was 55.38 ms. The confidence margin over Restart Service was 0.156.
2026-07-16T22:07:42.517493+00:00,Memory Pressure,0.0,17.3446,300.0,7.2892,0.0,1.0,Restart Service,0.873446,0.880085,0.92,0.93,0.90055,0.15438,1,0.032652,1,39.7118,1,1.0,1.0,0.0,Restart Service was selected with confidence 0.901. Injected memory was 300.00 MB and process memory usage was 17.34%.
2026-07-16T22:08:05.557978+00:00,Service Dependency Failure,0.0,2.6135,0.0,7.084,60.0,0.0,Restart Dependency,0.9,1.0,0.94,0.9,0.934121,0.015364,1,0.033352,1,10.5061,1,0.0,1.0,1.0,"Restart Dependency was selected with confidence 0.934. Dependency availability was 0.00, error rate was 60.00%, and latency was 7.08 ms. The confidence margin over Circuit Breaker was 0.015."
2026-07-16T22:08:33.111479+00:00,Application Latency,0.0,2.6135,0.0,82.5139,50.0,1.0,Rollback,0.25,0.2,0.94,0.91,0.454763,0.037754,1,0.050032,1,15.4302,1,1.0,1.0,0.0,"Rollback was selected with confidence 0.455. Observed latency reached 82.51 ms, while CPU usage was 0.00% and dependency availability was 1.00. The confidence margin over Restart Service was 0.038."
2026-07-16T22:08:56.162454+00:00,Application Error Injection,0.0,2.6135,0.0,75.5339,22.0,1.0,Rollback,0.5625,0.54,0.95,0.92,0.717806,0.168097,1,0.050708,1,14.2636,1,0.725,1.0,0.275,"Rollback was selected with confidence 0.718. The observed error rate was 22.00% with latency of 75.53 ms. CPU usage was 0.00%, and dependency availability was 1.00. The confidence margin over Restart Service was 0.168."
2026-07-16T22:09:18.250486+00:00,CPU Resource Exhaustion,93.2,2.6135,0.0,55.3168,0.0,1.0,Scale Out,0.648,0.6048,0.95,0.89,0.758709,0.153112,1,0.154736,1,34.2369,1,1.0,1.0,0.0,Scale Out was selected with confidence 0.759. CPU usage was 93.20% and latency was 55.32 ms. The confidence margin over Restart Service was 0.153.
2026-07-16T22:09:38.476834+00:00,Memory Pressure,0.0,17.3446,300.0,7.1674,0.0,1.0,Restart Service,0.873446,0.880085,0.92,0.93,0.90055,0.15438,1,0.041504,1,26.8011,1,1.0,1.0,0.0,Restart Service was selected with confidence 0.901. Injected memory was 300.00 MB and process memory usage was 17.34%.
2026-07-16T22:10:01.521321+00:00,Service Dependency Failure,0.0,2.6135,0.0,6.9307,60.0,0.0,Restart Dependency,0.9,1.0,0.94,0.9,0.934121,0.015364,1,0.044966,1,9.6202,1,0.0,1.0,1.0,"Restart Dependency was selected with confidence 0.934. Dependency availability was 0.00, error rate was 60.00%, and latency was 6.93 ms. The confidence margin over Circuit Breaker was 0.015."
2026-07-16T22:10:29.072735+00:00,Application Latency,0.0,2.6135,0.0,82.3615,50.0,1.0,Rollback,0.25,0.2,0.94,0.91,0.454763,0.037754,1,0.035067,1,18.1428,1,1.0,1.0,0.0,"Rollback was selected with confidence 0.455. Observed latency reached 82.36 ms, while CPU usage was 0.00% and dependency availability was 1.00. The confidence margin over Restart Service was 0.038."
2026-07-16T22:10:52.109562+00:00,Application Error Injection,0.0,2.6135,0.0,75.3124,26.0,1.0,Rollback,0.6375,0.62,0.95,0.92,0.766648,0.169051,1,0.061346,1,9.2262,1,0.675,1.0,0.325,"Rollback was selected with confidence 0.767. The observed error rate was 26.00% with latency of 75.31 ms. CPU usage was 0.00%, and dependency availability was 1.00. The confidence margin over Restart Service was 0.169."
2026-07-16T22:29:16.153554+00:00,CPU Resource Exhaustion,58.0,2.0925,0.0,6.7178,0.0,1.0,Do Nothing,0.84,0.84,0.45,0.4,0.596977,0.270481,0,0.048337,1,6.282,1,1.0,1.0,0.0,Do Nothing was selected with confidence 0.597. CPU usage was 58.00% and latency was 6.72 ms. The confidence margin over Scale Out was 0.270.
2026-07-16T22:29:38.222690+00:00,CPU Resource Exhaustion,69.7,2.0937,0.0,6.9595,0.0,1.0,Scale Out,0.2955,0.2758,0.95,0.89,0.51235,0.005295,1,0.040964,1,20.3744,1,1.0,1.0,0.0,Scale Out was selected with confidence 0.512. CPU usage was 69.70% and latency was 6.96 ms. The confidence margin over Do Nothing was 0.005.
2026-07-16T22:30:00.301619+00:00,CPU Resource Exhaustion,79.8,2.0941,0.0,7.1911,0.0,1.0,Scale Out,0.447,0.4172,0.95,0.89,0.630146,0.127167,1,0.042956,1,13.5341,1,1.0,1.0,0.0,Scale Out was selected with confidence 0.630. CPU usage was 79.80% and latency was 7.19 ms. The confidence margin over Restart Service was 0.127.
2026-07-16T22:30:22.379413+00:00,CPU Resource Exhaustion,88.7,2.0974,0.0,9.7825,0.0,1.0,Scale Out,0.5805,0.5418,0.95,0.89,0.718106,0.144918,1,0.029983,1,11.8588,1,1.0,1.0,0.0,Scale Out was selected with confidence 0.718. CPU usage was 88.70% and latency was 9.78 ms. The confidence margin over Restart Service was 0.145.
2026-07-16T22:30:44.493372+00:00,CPU Resource Exhaustion,91.7,2.0996,0.0,12.2374,0.0,1.0,Scale Out,0.6255,0.5838,0.95,0.89,0.74542,0.15043,1,0.03193,1,55.0314,1,1.0,1.0,0.0,Scale Out was selected with confidence 0.745. CPU usage was 91.70% and latency was 12.24 ms. The confidence margin over Restart Service was 0.150.
2026-07-16T22:31:06.707514+00:00,CPU Resource Exhaustion,59.7,2.1006,0.0,12.1762,0.0,1.0,Do Nothing,0.806,0.806,0.45,0.4,0.584771,0.225254,0,0.050085,1,30.6197,1,1.0,1.0,0.0,Do Nothing was selected with confidence 0.585. CPU usage was 59.70% and latency was 12.18 ms. The confidence margin over Scale Out was 0.225.
2026-07-16T22:31:28.812581+00:00,CPU Resource Exhaustion,59.8,2.1008,0.0,10.1668,0.0,1.0,Do Nothing,0.804,0.804,0.45,0.4,0.584045,0.22268,0,0.029646,1,34.1173,1,1.0,1.0,0.0,Do Nothing was selected with confidence 0.584. CPU usage was 59.80% and latency was 10.17 ms. The confidence margin over Scale Out was 0.223.
2026-07-16T22:31:50.893021+00:00,CPU Resource Exhaustion,58.6,2.1012,0.0,7.737,0.0,1.0,Do Nothing,0.828,0.828,0.45,0.4,0.592698,0.254179,0,0.029554,1,6.7687,1,1.0,1.0,0.0,Do Nothing was selected with confidence 0.593. CPU usage was 58.60% and latency was 7.74 ms. The confidence margin over Scale Out was 0.254.
2026-07-16T22:32:12.950475+00:00,CPU Resource Exhaustion,59.9,2.1018,0.0,7.5527,0.0,1.0,Do Nothing,0.802,0.802,0.45,0.4,0.583318,0.220114,0,0.03223,1,7.3152,1,1.0,1.0,0.0,Do Nothing was selected with confidence 0.583. CPU usage was 59.90% and latency was 7.55 ms. The confidence margin over Scale Out was 0.220.
2026-07-16T22:32:35.020103+00:00,CPU Resource Exhaustion,59.8,2.1022,0.0,7.3813,0.0,1.0,Do Nothing,0.804,0.804,0.45,0.4,0.584045,0.22268,0,0.030017,1,7.2016,1,1.0,1.0,0.0,Do Nothing was selected with confidence 0.584. CPU usage was 59.80% and latency was 7.38 ms. The confidence margin over Scale Out was 0.223.
2026-07-16T22:32:57.098268+00:00,CPU Resource Exhaustion,66.8,2.1028,0.0,7.4224,0.0,1.0,Do Nothing,0.664,0.664,0.45,0.4,0.530765,0.057627,0,0.03557,1,14.8613,1,1.0,1.0,0.0,Do Nothing was selected with confidence 0.531. CPU usage was 66.80% and latency was 7.42 ms. The confidence margin over Scale Out was 0.058.
2026-07-16T22:33:19.164077+00:00,CPU Resource Exhaustion,68.8,2.103,0.0,7.9667,0.0,1.0,Do Nothing,0.624,0.624,0.45,0.4,0.51453,0.01402,0,0.032236,1,10.1879,1,1.0,1.0,0.0,Do Nothing was selected with confidence 0.515. CPU usage was 68.80% and latency was 7.97 ms. The confidence margin over Scale Out was 0.014.
2026-07-16T22:33:41.237595+00:00,CPU Resource Exhaustion,67.8,2.1032,0.0,8.5046,0.0,1.0,Do Nothing,0.644,0.644,0.45,0.4,0.52271,0.035694,0,0.02967,1,7.4583,1,1.0,1.0,0.0,Do Nothing was selected with confidence 0.523. CPU usage was 67.80% and latency was 8.50 ms. The confidence margin over Scale Out was 0.036.
2026-07-16T22:34:03.309432+00:00,CPU Resource Exhaustion,69.8,2.104,0.0,8.2069,0.0,1.0,Scale Out,0.297,0.2772,0.95,0.89,0.513648,0.007431,1,0.029068,1,18.7624,1,1.0,1.0,0.0,Scale Out was selected with confidence 0.514. CPU usage was 69.80% and latency was 8.21 ms. The confidence margin over Do Nothing was 0.007.
2026-07-16T22:34:25.361824+00:00,CPU Resource Exhaustion,67.8,2.1044,0.0,7.8764,0.0,1.0,Do Nothing,0.644,0.644,0.45,0.4,0.52271,0.035694,0,0.031355,1,6.665,1,1.0,1.0,0.0,Do Nothing was selected with confidence 0.523. CPU usage was 67.80% and latency was 7.88 ms. The confidence margin over Scale Out was 0.036.
2026-07-16T22:34:47.432553+00:00,CPU Resource Exhaustion,79.8,2.1048,0.0,8.1496,0.0,1.0,Scale Out,0.447,0.4172,0.95,0.89,0.630146,0.127167,1,0.030855,1,11.9358,1,1.0,1.0,0.0,Scale Out was selected with confidence 0.630. CPU usage was 79.80% and latency was 8.15 ms. The confidence margin over Restart Service was 0.127.
2026-07-16T22:35:09.508154+00:00,CPU Resource Exhaustion,79.5,2.108,0.0,8.7652,0.0,1.0,Scale Out,0.4425,0.413,0.95,0.89,0.626966,0.126526,1,0.038979,1,14.9318,1,1.0,1.0,0.0,Scale Out was selected with confidence 0.627. CPU usage was 79.50% and latency was 8.77 ms. The confidence margin over Restart Service was 0.127.
2026-07-16T22:35:31.575708+00:00,CPU Resource Exhaustion,79.5,2.1082,0.0,9.3626,0.0,1.0,Scale Out,0.4425,0.413,0.95,0.89,0.626966,0.126526,1,0.031517,1,11.462,1,1.0,1.0,0.0,Scale Out was selected with confidence 0.627. CPU usage was 79.50% and latency was 9.36 ms. The confidence margin over Restart Service was 0.127.
2026-07-16T22:35:53.635130+00:00,CPU Resource Exhaustion,75.6,2.1094,0.0,9.9456,0.0,1.0,Scale Out,0.384,0.3584,0.95,0.89,0.584054,0.117866,1,0.029772,1,14.1944,1,1.0,1.0,0.0,Scale Out was selected with confidence 0.584. CPU usage was 75.60% and latency was 9.95 ms. The confidence margin over Restart Service was 0.118.
2026-07-16T22:36:15.692120+00:00,CPU Resource Exhaustion,79.8,2.1094,0.0,10.274,0.0,1.0,Scale Out,0.447,0.4172,0.95,0.89,0.630146,0.127167,1,0.041659,1,13.0518,1,1.0,1.0,0.0,Scale Out was selected with confidence 0.630. CPU usage was 79.80% and latency was 10.27 ms. The confidence margin over Restart Service was 0.127.
2026-07-16T22:36:37.807814+00:00,CPU Resource Exhaustion,89.7,2.1094,0.0,11.0715,0.0,1.0,Scale Out,0.5955,0.5558,0.95,0.89,0.727325,0.146779,1,0.030088,1,57.8818,1,1.0,1.0,0.0,Scale Out was selected with confidence 0.727. CPU usage was 89.70% and latency was 11.07 ms. The confidence margin over Restart Service was 0.147.
2026-07-16T22:36:59.886753+00:00,CPU Resource Exhaustion,89.8,2.1094,0.0,11.9348,0.0,1.0,Scale Out,0.597,0.5572,0.95,0.89,0.72824,0.146963,1,0.030327,1,30.5902,1,1.0,1.0,0.0,Scale Out was selected with confidence 0.728. CPU usage was 89.80% and latency was 11.93 ms. The confidence margin over Restart Service was 0.147.
2026-07-16T22:37:21.959797+00:00,CPU Resource Exhaustion,86.7,2.1096,0.0,12.6925,0.0,1.0,Scale Out,0.5505,0.5138,0.95,0.89,0.699304,0.141124,1,0.033258,1,11.2271,1,1.0,1.0,0.0,Scale Out was selected with confidence 0.699. CPU usage was 86.70% and latency was 12.69 ms. The confidence margin over Restart Service was 0.141.
2026-07-16T22:37:44.054780+00:00,CPU Resource Exhaustion,89.8,2.1096,0.0,12.3571,0.0,1.0,Scale Out,0.597,0.5572,0.95,0.89,0.72824,0.146963,1,0.028732,1,51.9827,1,1.0,1.0,0.0,Scale Out was selected with confidence 0.728. CPU usage was 89.80% and latency was 12.36 ms. The confidence margin over Restart Service was 0.147.
2026-07-16T22:38:06.154109+00:00,CPU Resource Exhaustion,87.7,2.1096,0.0,12.5965,0.0,1.0,Scale Out,0.5655,0.5278,0.95,0.89,0.708768,0.143034,1,0.037178,1,45.6498,1,1.0,1.0,0.0,Scale Out was selected with confidence 0.709. CPU usage was 87.70% and latency was 12.60 ms. The confidence margin over Restart Service was 0.143.
2026-07-16T22:38:28.269566+00:00,CPU Resource Exhaustion,93.8,2.1096,0.0,13.3256,0.0,1.0,Scale Out,0.657,0.6132,0.95,0.89,0.763959,0.154172,1,0.029834,1,51.4089,1,1.0,1.0,0.0,Scale Out was selected with confidence 0.764. CPU usage was 93.80% and latency was 13.33 ms. The confidence margin over Restart Service was 0.154.
2026-07-16T22:38:50.354909+00:00,CPU Resource Exhaustion,94.8,2.1096,0.0,14.2044,0.0,1.0,Scale Out,0.672,0.6272,0.95,0.89,0.772631,0.155922,1,0.028425,1,43.3211,1,1.0,1.0,0.0,Scale Out was selected with confidence 0.773. CPU usage was 94.80% and latency was 14.20 ms. The confidence margin over Restart Service was 0.156.
2026-07-16T22:39:12.428943+00:00,CPU Resource Exhaustion,94.5,2.1096,0.0,14.9149,0.0,1.0,Scale Out,0.6675,0.623,0.95,0.89,0.77004,0.155399,1,0.029855,1,13.0089,1,1.0,1.0,0.0,Scale Out was selected with confidence 0.770. CPU usage was 94.50% and latency was 14.91 ms. The confidence margin over Restart Service was 0.155.
2026-07-16T22:39:34.479887+00:00,CPU Resource Exhaustion,95.8,2.1096,0.0,14.58,0.0,1.0,Scale Out,0.687,0.6412,0.95,0.89,0.781207,0.157652,1,0.04164,1,9.1956,1,1.0,1.0,0.0,Scale Out was selected with confidence 0.781. CPU usage was 95.80% and latency was 14.58 ms. The confidence margin over Restart Service was 0.158.
2026-07-16T22:39:56.598482+00:00,CPU Resource Exhaustion,93.8,2.1096,0.0,14.5508,0.0,1.0,Scale Out,0.657,0.6132,0.95,0.89,0.763959,0.154172,1,0.029258,1,66.0831,1,1.0,1.0,0.0,Scale Out was selected with confidence 0.764. CPU usage was 93.80% and latency was 14.55 ms. The confidence margin over Restart Service was 0.154.
2026-07-16T22:40:16.708564+00:00,Memory Pressure,0.0,7.1929,100.0,11.237,0.0,1.0,Restart Service,0.305262,0.303947,0.92,0.93,0.530805,0.036364,1,0.044516,1,17.8048,1,1.0,1.0,0.0,Restart Service was selected with confidence 0.531. Injected memory was 100.00 MB and process memory usage was 7.19%.
2026-07-16T22:40:36.861602+00:00,Memory Pressure,0.0,7.1889,100.0,7.9296,0.0,1.0,Restart Service,0.305222,0.303917,0.92,0.93,0.530775,0.036296,1,0.044213,1,24.0031,1,1.0,1.0,0.0,Restart Service was selected with confidence 0.531. Injected memory was 100.00 MB and process memory usage was 7.19%.
2026-07-16T22:40:56.983065+00:00,Memory Pressure,0.0,7.1911,100.0,3.8677,0.0,1.0,Restart Service,0.305244,0.303933,0.92,0.93,0.530792,0.036333,1,0.044939,1,17.9519,1,1.0,1.0,0.0,Restart Service was selected with confidence 0.531. Injected memory was 100.00 MB and process memory usage was 7.19%.
2026-07-16T22:41:17.090200+00:00,Memory Pressure,0.0,7.1919,100.0,3.7293,0.0,1.0,Restart Service,0.305252,0.303939,0.92,0.93,0.530798,0.036347,1,0.028984,1,18.0138,1,1.0,1.0,0.0,Restart Service was selected with confidence 0.531. Injected memory was 100.00 MB and process memory usage was 7.19%.
2026-07-16T22:41:37.207442+00:00,Memory Pressure,1.0,7.1919,100.0,3.7162,0.0,1.0,Restart Service,0.305252,0.303939,0.92,0.93,0.530798,0.036347,1,0.042508,1,15.9392,1,1.0,1.0,0.0,Restart Service was selected with confidence 0.531. Injected memory was 100.00 MB and process memory usage was 7.19%.
2026-07-16T22:41:57.382466+00:00,Memory Pressure,0.0,9.7328,150.0,3.6939,0.0,1.0,Restart Service,0.447328,0.447996,0.92,0.93,0.643491,0.103744,1,0.037813,1,26.176,1,1.0,1.0,0.0,Restart Service was selected with confidence 0.643. Injected memory was 150.00 MB and process memory usage was 9.73%.
2026-07-16T22:42:17.534038+00:00,Memory Pressure,0.0,9.732,150.0,3.6743,0.0,1.0,Restart Service,0.44732,0.44799,0.92,0.93,0.643486,0.103748,1,0.045406,1,19.8565,1,1.0,1.0,0.0,Restart Service was selected with confidence 0.643. Injected memory was 150.00 MB and process memory usage was 9.73%.
2026-07-16T22:42:37.669053+00:00,Memory Pressure,0.0,9.7322,150.0,3.5367,0.0,1.0,Restart Service,0.447322,0.447991,0.92,0.93,0.643487,0.103747,1,0.029465,1,10.7251,1,1.0,1.0,0.0,Restart Service was selected with confidence 0.643. Injected memory was 150.00 MB and process memory usage was 9.73%.
2026-07-16T22:42:57.827240+00:00,Memory Pressure,0.0,9.7318,150.0,3.4275,0.0,1.0,Restart Service,0.447318,0.447988,0.92,0.93,0.643485,0.103749,1,0.028918,1,20.5982,1,1.0,1.0,0.0,Restart Service was selected with confidence 0.643. Injected memory was 150.00 MB and process memory usage was 9.73%.
2026-07-16T22:43:17.979691+00:00,Memory Pressure,0.0,9.7316,150.0,3.4512,0.0,1.0,Restart Service,0.447316,0.447987,0.92,0.93,0.643484,0.10375,1,0.028671,1,29.0789,1,1.0,1.0,0.0,Restart Service was selected with confidence 0.643. Injected memory was 150.00 MB and process memory usage was 9.73%.
2026-07-16T22:43:38.156381+00:00,Memory Pressure,0.0,12.2728,200.0,3.4533,0.0,1.0,Restart Service,0.589395,0.592046,0.92,0.93,0.739194,0.12288,1,0.031729,1,23.8366,1,1.0,1.0,0.0,Restart Service was selected with confidence 0.739. Injected memory was 200.00 MB and process memory usage was 12.27%.
2026-07-16T22:43:58.317374+00:00,Memory Pressure,0.0,12.2724,200.0,3.4744,0.0,1.0,Restart Service,0.589391,0.592043,0.92,0.93,0.739191,0.122882,1,0.028284,1,9.8012,1,1.0,1.0,0.0,Restart Service was selected with confidence 0.739. Injected memory was 200.00 MB and process memory usage was 12.27%.
2026-07-16T22:44:18.480824+00:00,Memory Pressure,0.0,12.2724,200.0,3.3922,0.0,1.0,Restart Service,0.589391,0.592043,0.92,0.93,0.739191,0.122882,1,0.030169,1,10.2441,1,1.0,1.0,0.0,Restart Service was selected with confidence 0.739. Injected memory was 200.00 MB and process memory usage was 12.27%.
2026-07-16T22:44:38.685481+00:00,Memory Pressure,1.0,12.2728,200.0,3.4083,0.0,1.0,Restart Service,0.589395,0.592046,0.92,0.93,0.739194,0.12288,1,0.068691,1,28.1956,1,1.0,1.0,0.0,Restart Service was selected with confidence 0.739. Injected memory was 200.00 MB and process memory usage was 12.27%.
2026-07-16T22:44:58.855480+00:00,Memory Pressure,0.0,12.2726,200.0,3.445,0.0,1.0,Restart Service,0.589393,0.592045,0.92,0.93,0.739193,0.122881,1,0.028727,1,21.36,1,1.0,1.0,0.0,Restart Service was selected with confidence 0.739. Injected memory was 200.00 MB and process memory usage was 12.27%.
2026-07-16T22:45:19.069519+00:00,Memory Pressure,0.0,14.8133,250.0,3.7397,0.0,1.0,Restart Service,0.731466,0.7361,0.92,0.93,0.823854,0.139485,1,0.028901,1,21.4613,1,1.0,1.0,0.0,Restart Service was selected with confidence 0.824. Injected memory was 250.00 MB and process memory usage was 14.81%.
2026-07-16T22:45:39.294795+00:00,Memory Pressure,0.0,14.8133,250.0,3.8345,0.0,1.0,Restart Service,0.731466,0.7361,0.92,0.93,0.823854,0.139485,1,0.030191,1,28.1484,1,1.0,1.0,0.0,Restart Service was selected with confidence 0.824. Injected memory was 250.00 MB and process memory usage was 14.81%.
2026-07-16T22:45:59.527187+00:00,Memory Pressure,0.0,14.8133,250.0,3.9743,0.0,1.0,Restart Service,0.731466,0.7361,0.92,0.93,0.823854,0.139485,1,0.041217,1,47.3955,1,1.0,1.0,0.0,Restart Service was selected with confidence 0.824. Injected memory was 250.00 MB and process memory usage was 14.81%.
2026-07-16T22:46:19.798472+00:00,Memory Pressure,0.0,14.8135,250.0,3.7204,0.0,1.0,Restart Service,0.731468,0.736101,0.92,0.93,0.823855,0.139484,1,0.043272,1,35.7131,1,1.0,1.0,0.0,Restart Service was selected with confidence 0.824. Injected memory was 250.00 MB and process memory usage was 14.81%.
2026-07-16T22:46:40.038158+00:00,Memory Pressure,0.0,14.8131,250.0,3.7825,0.0,1.0,Restart Service,0.731464,0.736098,0.92,0.93,0.823853,0.139486,1,0.040543,1,34.2224,1,1.0,1.0,0.0,Restart Service was selected with confidence 0.824. Injected memory was 250.00 MB and process memory usage was 14.81%.
2026-07-16T22:47:00.288850+00:00,Memory Pressure,0.0,17.3538,300.0,3.753,0.0,1.0,Restart Service,0.873538,0.880153,0.92,0.93,0.900591,0.154347,1,0.030995,1,34.7705,1,1.0,1.0,0.0,Restart Service was selected with confidence 0.901. Injected memory was 300.00 MB and process memory usage was 17.35%.
2026-07-16T22:47:20.510543+00:00,Memory Pressure,1.0,17.3542,300.0,3.6073,0.0,1.0,Restart Service,0.873542,0.880156,0.92,0.93,0.900593,0.154345,1,0.042186,1,13.0249,1,1.0,1.0,0.0,Restart Service was selected with confidence 0.901. Injected memory was 300.00 MB and process memory usage was 17.35%.
2026-07-16T22:47:40.771832+00:00,Memory Pressure,0.0,17.3542,300.0,3.3868,0.0,1.0,Restart Service,0.873542,0.880156,0.92,0.93,0.900593,0.154345,1,0.042819,1,28.7833,1,1.0,1.0,0.0,Restart Service was selected with confidence 0.901. Injected memory was 300.00 MB and process memory usage was 17.35%.
2026-07-16T22:48:01.005733+00:00,Memory Pressure,0.0,17.3538,300.0,3.2931,0.0,1.0,Restart Service,0.873538,0.880153,0.92,0.93,0.900591,0.154347,1,0.027879,1,29.3881,1,1.0,1.0,0.0,Restart Service was selected with confidence 0.901. Injected memory was 300.00 MB and process memory usage was 17.35%.
2026-07-16T22:48:21.277508+00:00,Memory Pressure,1.0,17.3538,300.0,3.2694,0.0,1.0,Restart Service,0.873538,0.880153,0.92,0.93,0.900591,0.154347,1,0.029149,1,30.0528,1,1.0,1.0,0.0,Restart Service was selected with confidence 0.901. Injected memory was 300.00 MB and process memory usage was 17.35%.
2026-07-16T22:48:44.318687+00:00,Service Dependency Failure,0.0,2.1145,0.0,2.5786,60.0,0.0,Restart Dependency,0.9,1.0,0.94,0.9,0.934121,0.015364,1,0.035642,1,9.8314,1,0.0,1.0,1.0,"Restart Dependency was selected with confidence 0.934. Dependency availability was 0.00, error rate was 60.00%, and latency was 2.58 ms. The confidence margin over Circuit Breaker was 0.015."
2026-07-16T22:49:07.380722+00:00,Service Dependency Failure,0.0,2.1147,0.0,1.8954,62.0,0.0,Restart Dependency,0.9,1.0,0.94,0.9,0.934121,0.015364,1,0.057799,1,13.5057,1,0.0,1.0,1.0,"Restart Dependency was selected with confidence 0.934. Dependency availability was 0.00, error rate was 62.00%, and latency was 1.90 ms. The confidence margin over Circuit Breaker was 0.015."
2026-07-16T22:49:30.434428+00:00,Service Dependency Failure,1.0,2.1147,0.0,1.1315,62.0,0.0,Restart Dependency,0.9,1.0,0.94,0.9,0.934121,0.015364,1,0.032408,1,19.3233,1,0.0,1.0,1.0,"Restart Dependency was selected with confidence 0.934. Dependency availability was 0.00, error rate was 62.00%, and latency was 1.13 ms. The confidence margin over Circuit Breaker was 0.015."
2026-07-16T22:49:53.476529+00:00,Service Dependency Failure,0.0,2.1147,0.0,1.1769,62.0,0.0,Restart Dependency,0.9,1.0,0.94,0.9,0.934121,0.015364,1,0.032478,1,9.9827,1,0.0,1.0,1.0,"Restart Dependency was selected with confidence 0.934. Dependency availability was 0.00, error rate was 62.00%, and latency was 1.18 ms. The confidence margin over Circuit Breaker was 0.015."
2026-07-16T22:50:16.557950+00:00,Service Dependency Failure,0.0,2.1151,0.0,1.1303,62.0,0.0,Restart Dependency,0.9,1.0,0.94,0.9,0.934121,0.015364,1,0.052726,1,14.5253,1,0.0,1.0,1.0,"Restart Dependency was selected with confidence 0.934. Dependency availability was 0.00, error rate was 62.00%, and latency was 1.13 ms. The confidence margin over Circuit Breaker was 0.015."
2026-07-16T22:50:40.718556+00:00,Application Latency,0.0,2.1157,0.0,52.5907,26.0,1.0,Rollback,0.25,0.2,0.94,0.91,0.454763,0.037754,1,1.086889,1,15.3339,1,1.0,1.0,0.0,"Rollback was selected with confidence 0.455. Observed latency reached 52.59 ms, while CPU usage was 0.00% and dependency availability was 1.00. The confidence margin over Restart Service was 0.038."
2026-07-16T22:51:06.314722+00:00,Application Latency,0.0,2.1159,0.0,120.6951,0.0,1.0,Do Nothing,0.985218,0.985218,0.25,0.3,0.519435,0.167111,0,0.068471,1,307.5768,1,1.0,1.0,0.0,"Do Nothing was selected with confidence 0.519. Observed latency reached 120.70 ms, while CPU usage was 0.00% and dependency availability was 1.00. The confidence margin over Rollback was 0.167."
2026-07-16T22:51:31.923566+00:00,Application Latency,1.0,2.1159,0.0,213.7408,0.0,1.0,Do Nothing,0.918757,0.918757,0.25,0.3,0.501609,0.086229,0,0.048895,1,307.8833,1,1.0,1.0,0.0,"Do Nothing was selected with confidence 0.502. Observed latency reached 213.74 ms, while CPU usage was 1.00% and dependency availability was 1.00. The confidence margin over Rollback was 0.086."
2026-07-16T22:51:57.520950+00:00,Application Latency,1.0,2.1163,0.0,257.7359,0.0,1.0,Do Nothing,0.887332,0.887332,0.25,0.3,0.492956,0.051036,0,0.048917,1,308.9959,1,1.0,1.0,0.0,"Do Nothing was selected with confidence 0.493. Observed latency reached 257.74 ms, while CPU usage was 1.00% and dependency availability was 1.00. The confidence margin over Rollback was 0.051."
2026-07-16T22:52:23.111057+00:00,Application Latency,0.0,2.1163,0.0,257.4972,0.0,1.0,Do Nothing,0.887502,0.887502,0.25,0.3,0.493003,0.051223,0,0.032642,1,307.7268,1,1.0,1.0,0.0,"Do Nothing was selected with confidence 0.493. Observed latency reached 257.50 ms, while CPU usage was 0.00% and dependency availability was 1.00. The confidence margin over Rollback was 0.051."
2026-07-16T22:52:46.884110+00:00,Application Latency,1.0,2.1165,0.0,281.8531,0.0,1.0,Do Nothing,0.870105,0.870105,0.25,0.3,0.488148,0.032358,0,0.033135,1,508.9355,1,1.0,1.0,0.0,"Do Nothing was selected with confidence 0.488. Observed latency reached 281.85 ms, while CPU usage was 1.00% and dependency availability was 1.00. The confidence margin over Rollback was 0.032."
2026-07-16T22:53:10.113138+00:00,Application Latency,0.0,2.1167,0.0,328.6019,0.0,1.0,Rollback,0.272465,0.23063,0.94,0.91,0.481503,0.002814,1,0.074071,1,13.6492,1,1.0,1.0,0.0,"Rollback was selected with confidence 0.482. Observed latency reached 328.60 ms, while CPU usage was 0.00% and dependency availability was 1.00. The confidence margin over Do Nothing was 0.003."
2026-07-16T22:53:33.908170+00:00,Application Latency,1.0,2.1167,0.0,294.0263,0.0,1.0,Do Nothing,0.86141,0.86141,0.25,0.3,0.485702,0.023075,0,0.052392,1,508.8664,1,1.0,1.0,0.0,"Do Nothing was selected with confidence 0.486. Observed latency reached 294.03 ms, while CPU usage was 1.00% and dependency availability was 1.00. The confidence margin over Rollback was 0.023."
2026-07-16T22:53:57.695869+00:00,Application Latency,0.0,2.1167,0.0,292.2215,0.0,1.0,Do Nothing,0.862699,0.862699,0.25,0.3,0.486066,0.024446,0,0.03861,1,507.7732,1,1.0,1.0,0.0,"Do Nothing was selected with confidence 0.486. Observed latency reached 292.22 ms, while CPU usage was 0.00% and dependency availability was 1.00. The confidence margin over Rollback was 0.024."
2026-07-16T22:54:20.923436+00:00,Application Latency,0.0,2.1167,0.0,386.597,0.0,1.0,Rollback,0.303534,0.26377,0.94,0.91,0.511565,0.044876,1,0.05341,1,13.5823,1,1.0,1.0,0.0,"Rollback was selected with confidence 0.512. Observed latency reached 386.60 ms, while CPU usage was 0.00% and dependency availability was 1.00. The confidence margin over Do Nothing was 0.045."
2026-07-16T22:54:48.083789+00:00,Application Latency,0.0,2.1167,0.0,309.5552,0.0,1.0,Do Nothing,0.850318,0.850318,0.25,0.3,0.482565,0.011364,0,0.048897,1,709.9501,1,1.0,1.0,0.0,"Do Nothing was selected with confidence 0.483. Observed latency reached 309.56 ms, while CPU usage was 0.00% and dependency availability was 1.00. The confidence margin over Rollback was 0.011."
2026-07-16T22:55:12.497233+00:00,Application Latency,2.0,2.1167,0.0,346.5464,0.0,1.0,Rollback,0.282078,0.240884,0.94,0.91,0.491006,0.015997,1,0.034739,1,12.9031,1,1.0,1.0,0.0,"Rollback was selected with confidence 0.491. Observed latency reached 346.55 ms, while CPU usage was 2.00% and dependency availability was 1.00. The confidence margin over Do Nothing was 0.016."
2026-07-16T22:55:36.886869+00:00,Application Latency,0.0,2.1167,0.0,350.7686,0.0,1.0,Rollback,0.28434,0.243296,0.94,0.91,0.493214,0.019076,1,0.034871,1,10.8906,1,1.0,1.0,0.0,"Rollback was selected with confidence 0.493. Observed latency reached 350.77 ms, while CPU usage was 0.00% and dependency availability was 1.00. The confidence margin over Do Nothing was 0.019."
2026-07-16T22:56:04.033971+00:00,Application Latency,0.0,2.1167,0.0,253.2443,0.0,1.0,Do Nothing,0.89054,0.89054,0.25,0.3,0.493847,0.054559,0,0.033387,1,708.6991,1,1.0,1.0,0.0,"Do Nothing was selected with confidence 0.494. Observed latency reached 253.24 ms, while CPU usage was 0.00% and dependency availability was 1.00. The confidence margin over Rollback was 0.055."
2026-07-16T22:56:28.417827+00:00,Application Latency,1.0,2.1167,0.0,357.3707,0.0,1.0,Rollback,0.287877,0.247069,0.94,0.91,0.496648,0.023874,1,0.037033,1,9.7329,1,1.0,1.0,0.0,"Rollback was selected with confidence 0.497. Observed latency reached 357.37 ms, while CPU usage was 1.00% and dependency availability was 1.00. The confidence margin over Do Nothing was 0.024."
2026-07-16T22:56:52.362070+00:00,Application Latency,0.0,2.1167,0.0,368.0094,0.0,1.0,Rollback,0.293576,0.253148,0.94,0.91,0.50213,0.031562,1,0.038455,1,15.0076,1,1.0,1.0,0.0,"Rollback was selected with confidence 0.502. Observed latency reached 368.01 ms, while CPU usage was 0.00% and dependency availability was 1.00. The confidence margin over Do Nothing was 0.032."
2026-07-16T22:57:21.278973+00:00,Application Latency,0.0,2.1167,0.0,275.6135,0.0,1.0,Do Nothing,0.874562,0.874562,0.25,0.3,0.489396,0.037153,0,0.054533,1,908.0948,1,1.0,1.0,0.0,"Do Nothing was selected with confidence 0.489. Observed latency reached 275.61 ms, while CPU usage was 0.00% and dependency availability was 1.00. The confidence margin over Rollback was 0.037."
2026-07-16T22:57:45.239756+00:00,Application Latency,0.0,2.1167,0.0,392.5268,0.0,1.0,Rollback,0.306711,0.267158,0.94,0.91,0.514537,0.049093,1,0.051527,1,13.6651,1,1.0,1.0,0.0,"Rollback was selected with confidence 0.515. Observed latency reached 392.53 ms, while CPU usage was 0.00% and dependency availability was 1.00. The confidence margin over Do Nothing was 0.049."
2026-07-16T22:58:09.176509+00:00,Application Latency,0.0,2.1167,0.0,392.4501,0.0,1.0,Rollback,0.30667,0.267114,0.94,0.91,0.514499,0.049038,1,0.032556,1,9.0846,1,1.0,1.0,0.0,"Rollback was selected with confidence 0.514. Observed latency reached 392.45 ms, while CPU usage was 0.00% and dependency availability was 1.00. The confidence margin over Do Nothing was 0.049."
2026-07-16T22:58:38.099769+00:00,Application Latency,0.0,2.1167,0.0,276.1948,0.0,1.0,Do Nothing,0.874147,0.874147,0.25,0.3,0.48928,0.036705,0,0.051033,1,907.7145,1,1.0,1.0,0.0,"Do Nothing was selected with confidence 0.489. Observed latency reached 276.19 ms, while CPU usage was 0.00% and dependency availability was 1.00. The confidence margin over Rollback was 0.037."
2026-07-16T22:59:05.653141+00:00,Application Latency,1.0,2.1167,0.0,416.8255,0.0,1.0,Rollback,0.319728,0.281043,0.94,0.91,0.526539,0.066229,1,0.035408,1,18.8589,1,1.0,1.0,0.0,"Rollback was selected with confidence 0.527. Observed latency reached 416.83 ms, while CPU usage was 1.00% and dependency availability was 1.00. The confidence margin over Do Nothing was 0.066."
2026-07-16T22:59:33.191676+00:00,Application Latency,0.0,2.1167,0.0,454.0582,0.0,1.0,Rollback,0.339674,0.302319,0.94,0.91,0.544408,0.092078,1,0.050215,1,10.9546,1,1.0,1.0,0.0,"Rollback was selected with confidence 0.544. Observed latency reached 454.06 ms, while CPU usage was 0.00% and dependency availability was 1.00. The confidence margin over Do Nothing was 0.092."
2026-07-16T23:00:03.011089+00:00,Application Latency,0.0,2.1167,0.0,300.9774,0.0,1.0,Do Nothing,0.856445,0.856445,0.25,0.3,0.484301,0.017816,0,0.033062,1,1207.1719,1,1.0,1.0,0.0,"Do Nothing was selected with confidence 0.484. Observed latency reached 300.98 ms, while CPU usage was 0.00% and dependency availability was 1.00. The confidence margin over Rollback was 0.018."
2026-07-16T23:00:30.620650+00:00,Application Latency,0.0,2.1167,0.0,454.3337,0.0,1.0,Rollback,0.339822,0.302476,0.94,0.91,0.544538,0.092268,1,0.035834,1,16.5419,1,1.0,1.0,0.0,"Rollback was selected with confidence 0.545. Observed latency reached 454.33 ms, while CPU usage was 0.00% and dependency availability was 1.00. The confidence margin over Do Nothing was 0.092."
2026-07-16T23:00:58.168714+00:00,Application Latency,0.0,2.1167,0.0,454.4828,0.0,1.0,Rollback,0.339902,0.302562,0.94,0.91,0.544608,0.09237,1,0.047614,1,12.1157,1,1.0,1.0,0.0,"Rollback was selected with confidence 0.545. Observed latency reached 454.48 ms, while CPU usage was 0.00% and dependency availability was 1.00. The confidence margin over Do Nothing was 0.092."
2026-07-16T23:01:21.215849+00:00,Application Error Injection,0.0,2.1167,0.0,121.721,4.0,1.0,Do Nothing,0.9,0.9,0.2,0.25,0.448605,0.013615,0,0.054151,1,9.8098,1,0.95,0.866667,-0.083333,"Do Nothing was selected with confidence 0.449. The observed error rate was 4.00% with latency of 121.72 ms. CPU usage was 0.00%, and dependency availability was 1.00. The confidence margin over Rollback was 0.014."
2026-07-16T23:01:44.268267+00:00,Application Error Injection,0.0,2.1167,0.0,46.7887,10.0,1.0,Rollback,0.3375,0.3,0.95,0.92,0.545414,0.135896,1,0.038398,1,11.3337,1,0.8875,1.0,0.1125,"Rollback was selected with confidence 0.545. The observed error rate was 10.00% with latency of 46.79 ms. CPU usage was 0.00%, and dependency availability was 1.00. The confidence margin over Do Nothing was 0.136."
2026-07-16T23:02:07.317942+00:00,Application Error Injection,0.0,2.1167,0.0,3.4911,7.0,1.0,Rollback,0.28125,0.24,0.95,0.92,0.492838,0.063331,1,0.03663,1,11.9075,1,0.9125,1.0,0.0875,"Rollback was selected with confidence 0.493. The observed error rate was 7.00% with latency of 3.49 ms. CPU usage was 0.00%, and dependency availability was 1.00. The confidence margin over Do Nothing was 0.063."
2026-07-16T23:02:30.368984+00:00,Application Error Injection,0.0,2.1167,0.0,3.4215,5.0,1.0,Rollback,0.24375,0.2,0.95,0.92,0.45433,0.012,1,0.033706,1,10.1725,1,0.9375,1.0,0.0625,"Rollback was selected with confidence 0.454. The observed error rate was 5.00% with latency of 3.42 ms. CPU usage was 0.00%, and dependency availability was 1.00. The confidence margin over Do Nothing was 0.012."
2026-07-16T23:02:53.412158+00:00,Application Error Injection,0.0,2.1167,0.0,3.3709,12.0,1.0,Rollback,0.375,0.34,0.95,0.92,0.577771,0.171784,1,0.035116,1,10.2781,1,0.85,1.0,0.15,"Rollback was selected with confidence 0.578. The observed error rate was 12.00% with latency of 3.37 ms. CPU usage was 0.00%, and dependency availability was 1.00. The confidence margin over Restart Service was 0.172."
2026-07-16T23:03:16.472831+00:00,Application Error Injection,0.0,2.1167,0.0,3.3185,17.0,1.0,Rollback,0.46875,0.44,0.95,0.92,0.651593,0.168372,1,0.050983,1,13.8284,1,0.7875,1.0,0.2125,"Rollback was selected with confidence 0.652. The observed error rate was 17.00% with latency of 3.32 ms. CPU usage was 0.00%, and dependency availability was 1.00. The confidence margin over Restart Service was 0.168."
2026-07-16T23:03:39.519629+00:00,Application Error Injection,0.0,2.1167,0.0,3.2923,18.0,1.0,Rollback,0.4875,0.46,0.95,0.92,0.665367,0.168136,1,0.035696,1,10.5856,1,0.775,1.0,0.225,"Rollback was selected with confidence 0.665. The observed error rate was 18.00% with latency of 3.29 ms. CPU usage was 0.00%, and dependency availability was 1.00. The confidence margin over Restart Service was 0.168."
2026-07-16T23:04:02.585027+00:00,Application Error Injection,0.0,2.1169,0.0,3.3143,16.0,1.0,Rollback,0.45,0.42,0.95,0.92,0.637519,0.168726,1,0.047902,1,14.2738,1,0.8,1.0,0.2,"Rollback was selected with confidence 0.638. The observed error rate was 16.00% with latency of 3.31 ms. CPU usage was 0.00%, and dependency availability was 1.00. The confidence margin over Restart Service was 0.169."
2026-07-16T23:04:25.648229+00:00,Application Error Injection,0.0,2.1169,0.0,3.3441,15.0,1.0,Rollback,0.43125,0.4,0.95,0.92,0.623125,0.169218,1,0.049858,1,17.7472,1,0.8125,1.0,0.1875,"Rollback was selected with confidence 0.623. The observed error rate was 15.00% with latency of 3.34 ms. CPU usage was 0.00%, and dependency availability was 1.00. The confidence margin over Restart Service was 0.169."
2026-07-16T23:04:48.702086+00:00,Application Error Injection,0.0,2.1169,0.0,3.3835,13.0,1.0,Rollback,0.39375,0.36,0.95,0.92,0.593279,0.170714,1,0.05029,1,13.8113,1,0.8375,1.0,0.1625,"Rollback was selected with confidence 0.593. The observed error rate was 13.00% with latency of 3.38 ms. CPU usage was 0.00%, and dependency availability was 1.00. The confidence margin over Restart Service was 0.171."
2026-07-16T23:05:11.767463+00:00,Application Error Injection,0.0,2.1169,0.0,3.4067,21.0,1.0,Rollback,0.54375,0.52,0.95,0.92,0.705064,0.167994,1,0.037527,1,12.3108,1,0.7375,1.0,0.2625,"Rollback was selected with confidence 0.705. The observed error rate was 21.00% with latency of 3.41 ms. CPU usage was 0.00%, and dependency availability was 1.00. The confidence margin over Restart Service was 0.168."
2026-07-16T23:05:34.813468+00:00,Application Error Injection,0.0,2.1169,0.0,3.3697,30.0,1.0,Rollback,0.7125,0.7,0.95,0.92,0.812547,0.170626,1,0.045582,1,10.7035,1,0.625,1.0,0.375,"Rollback was selected with confidence 0.813. The observed error rate was 30.00% with latency of 3.37 ms. CPU usage was 0.00%, and dependency availability was 1.00. The confidence margin over Restart Service was 0.171."
2026-07-16T23:05:57.871268+00:00,Application Error Injection,0.0,2.1169,0.0,3.3494,22.0,1.0,Rollback,0.5625,0.54,0.95,0.92,0.717806,0.168097,1,0.032777,1,10.1493,1,0.725,1.0,0.275,"Rollback was selected with confidence 0.718. The observed error rate was 22.00% with latency of 3.35 ms. CPU usage was 0.00%, and dependency availability was 1.00. The confidence margin over Restart Service was 0.168."
2026-07-16T23:06:20.928864+00:00,Application Error Injection,0.0,2.1169,0.0,3.362,18.0,1.0,Rollback,0.4875,0.46,0.95,0.92,0.665367,0.168136,1,0.048021,1,20.8445,1,0.775,1.0,0.225,"Rollback was selected with confidence 0.665. The observed error rate was 18.00% with latency of 3.36 ms. CPU usage was 0.00%, and dependency availability was 1.00. The confidence margin over Restart Service was 0.168."
2026-07-16T23:06:43.971147+00:00,Application Error Injection,0.0,2.1169,0.0,3.4638,17.0,1.0,Rollback,0.46875,0.44,0.95,0.92,0.651593,0.168372,1,0.036113,1,10.4201,1,0.7875,1.0,0.2125,"Rollback was selected with confidence 0.652. The observed error rate was 17.00% with latency of 3.46 ms. CPU usage was 0.00%, and dependency availability was 1.00. The confidence margin over Restart Service was 0.168."
2026-07-16T23:07:07.037372+00:00,Application Error Injection,0.0,2.1169,0.0,3.4666,21.0,1.0,Rollback,0.54375,0.52,0.95,0.92,0.705064,0.167994,1,0.055292,1,13.8533,1,0.7375,1.0,0.2625,"Rollback was selected with confidence 0.705. The observed error rate was 21.00% with latency of 3.47 ms. CPU usage was 0.00%, and dependency availability was 1.00. The confidence margin over Restart Service was 0.168."
2026-07-16T23:07:30.095749+00:00,Application Error Injection,0.0,2.1169,0.0,3.2939,25.0,1.0,Rollback,0.61875,0.6,0.95,0.92,0.754735,0.168743,1,0.062343,1,20.3718,1,0.6875,1.0,0.3125,"Rollback was selected with confidence 0.755. The observed error rate was 25.00% with latency of 3.29 ms. CPU usage was 0.00%, and dependency availability was 1.00. The confidence margin over Restart Service was 0.169."
2026-07-16T23:07:53.138952+00:00,Application Error Injection,0.0,2.1169,0.0,3.088,28.0,1.0,Rollback,0.675,0.66,0.95,0.92,0.789932,0.169777,1,0.035183,1,9.7903,1,0.65,1.0,0.35,"Rollback was selected with confidence 0.790. The observed error rate was 28.00% with latency of 3.09 ms. CPU usage was 0.00%, and dependency availability was 1.00. The confidence margin over Restart Service was 0.170."
2026-07-16T23:08:16.192003+00:00,Application Error Injection,0.0,2.1169,0.0,2.8525,31.0,1.0,Rollback,0.73125,0.72,0.95,0.92,0.823621,0.171088,1,0.049159,1,10.2723,1,0.6125,1.0,0.3875,"Rollback was selected with confidence 0.824. The observed error rate was 31.00% with latency of 2.85 ms. CPU usage was 0.00%, and dependency availability was 1.00. The confidence margin over Restart Service was 0.171."
2026-07-16T23:08:39.237222+00:00,Application Error Injection,0.0,2.1169,0.0,2.7614,28.0,1.0,Rollback,0.675,0.66,0.95,0.92,0.789932,0.169777,1,0.034462,1,9.757,1,0.65,1.0,0.35,"Rollback was selected with confidence 0.790. The observed error rate was 28.00% with latency of 2.76 ms. CPU usage was 0.00%, and dependency availability was 1.00. The confidence margin over Restart Service was 0.170."
2026-07-16T23:09:02.292853+00:00,Application Error Injection,0.0,2.1169,0.0,2.8216,27.0,1.0,Rollback,0.65625,0.64,0.95,0.92,0.778377,0.169397,1,0.03661,1,10.3707,1,0.6625,1.0,0.3375,"Rollback was selected with confidence 0.778. The observed error rate was 27.00% with latency of 2.82 ms. CPU usage was 0.00%, and dependency availability was 1.00. The confidence margin over Restart Service was 0.169."
2026-07-16T23:09:25.338941+00:00,Application Error Injection,0.0,2.1169,0.0,2.7784,33.0,1.0,Rollback,0.76875,0.76,0.95,0.92,0.845332,0.172079,1,0.033668,1,10.1984,1,0.5875,1.0,0.4125,"Rollback was selected with confidence 0.845. The observed error rate was 33.00% with latency of 2.78 ms. CPU usage was 0.00%, and dependency availability was 1.00. The confidence margin over Restart Service was 0.172."
2026-07-16T23:09:48.382968+00:00,Application Error Injection,0.0,2.1169,0.0,2.5254,42.0,1.0,Rollback,0.9,0.9,0.95,0.92,0.917274,0.176047,1,0.034388,1,10.1594,1,0.475,1.0,0.525,"Rollback was selected with confidence 0.917. The observed error rate was 42.00% with latency of 2.53 ms. CPU usage was 0.00%, and dependency availability was 1.00. The confidence margin over Restart Service was 0.176."
2026-07-16T23:10:11.453153+00:00,Application Error Injection,0.0,2.1169,0.0,2.4353,36.0,1.0,Rollback,0.825,0.82,0.95,0.92,0.876889,0.173699,1,0.050702,1,11.9643,1,0.55,1.0,0.45,"Rollback was selected with confidence 0.877. The observed error rate was 36.00% with latency of 2.44 ms. CPU usage was 0.00%, and dependency availability was 1.00. The confidence margin over Restart Service was 0.174."
2026-07-16T23:10:34.519919+00:00,Application Error Injection,0.0,2.1169,0.0,2.5406,29.0,1.0,Rollback,0.69375,0.68,0.95,0.92,0.80132,0.170187,1,0.048445,1,18.0718,1,0.6375,1.0,0.3625,"Rollback was selected with confidence 0.801. The observed error rate was 29.00% with latency of 2.54 ms. CPU usage was 0.00%, and dependency availability was 1.00. The confidence margin over Restart Service was 0.170."
